{"definitions": [{"wordtype": "Transitive Verb", "description": "To beat down; to overthrow."}, {"wordtype": "Transitive Verb", "description": "To bring down or reduce from a higher to a lower state, number, or degree; to lessen; to diminish; to contract; to moderate; to cut short; as, to abate a demand; to abate pride, zeal, hope."}, {"wordtype": "Transitive Verb", "description": "To deduct; to omit; as, to abate something from a price."}, {"wordtype": "Transitive Verb", "description": "To blunt."}, {"wordtype": "Transitive Verb", "description": "To reduce in estimation; to deprive."}, {"wordtype": "Transitive Verb", "description": "To bring entirely down or put an end to; to do away with; as, to abate a nuisance, to abate a writ."}, {"wordtype": "Transitive Verb", "description": "To diminish; to reduce. Legacies are liable to be abated entirely or in proportion, upon a deficiency of assets."}, {"wordtype": "Transitive Verb", "description": "To decrease, or become less in strength or violence; as, pain abates, a storm abates."}, {"wordtype": "Transitive Verb", "description": "To be defeated, or come to naught; to fall through; to fail; as, a writ abates."}, {"wordtype": "Noun", "description": "Abatement."}]}