{"definitions": [{"wordtype": "Noun", "description": "The act of shortening, or reducing."}, {"wordtype": "Noun", "description": "The result of abbreviating; an abridgment."}, {"wordtype": "Noun", "description": "The form to which a word or phrase is reduced by contraction and omission; a letter or letters, standing for a word or phrase of which they are a part; as, Gen. for Genesis; U.S.A. for United States of America."}, {"wordtype": "Noun", "description": "One dash, or more, through the stem of a note, dividing it respectively into quavers, semiquavers, or demi-semiquavers."}]}