{"definitions": [{"wordtype": "Transitive Verb", "description": "To make briefer; to shorten; to abridge; to reduce by contraction or omission, especially of words written or spoken."}, {"wordtype": "Transitive Verb", "description": "To reduce to lower terms, as a fraction."}, {"wordtype": "Adjective", "description": "Abbreviated; abridged; shortened."}, {"wordtype": "Adjective", "description": "Having one part relatively shorter than another or than the ordinary type."}, {"wordtype": "Noun", "description": "An abridgment."}]}