{"definitions": [{"wordtype": "Transitive Verb", "description": "To surrender or relinquish, as sovereign power; to withdraw definitely from filling or exercising, as a high office, station, dignity; as, to abdicate the throne, the crown, the papacy."}, {"wordtype": "Transitive Verb", "description": "To renounce; to relinquish; -- said of authority, a trust, duty, right, etc."}, {"wordtype": "Transitive Verb", "description": "To reject; to cast off."}, {"wordtype": "Transitive Verb", "description": "To disclaim and expel from the family, as a father his child; to disown; to disinherit."}, {"wordtype": "Verb Intransitive", "description": "To relinquish or renounce a throne, or other high office or dignity."}]}