{"definitions": [{"wordtype": "Transitive Verb", "description": "To instigate or encourage by aid or countenance; -- used in a bad sense of persons and acts; as, to abet an ill-doer; to abet one in his wicked courses; to abet vice; to abet an insurrection."}, {"wordtype": "Transitive Verb", "description": "To support, uphold, or aid; to maintain; -- in a good sense."}, {"wordtype": "Transitive Verb", "description": "To contribute, as an assistant or instigator, to the commission of an offense."}, {"wordtype": "Noun", "description": "Act of abetting; aid."}]}