{"definitions": [{"wordtype": "Transitive Verb", "description": "To shrink back with shuddering from; to regard with horror or detestation; to feel excessive repugnance toward; to detest to extremity; to loathe."}, {"wordtype": "Transitive Verb", "description": "To fill with horror or disgust."}, {"wordtype": "Transitive Verb", "description": "To protest against; to reject solemnly."}, {"wordtype": "Verb Intransitive", "description": "To shrink back with horror, disgust, or dislike; to be contrary or averse; -- with"}]}