{"definitions": [{"wordtype": "Verb Intransitive", "description": "To wait; to pause; to delay."}, {"wordtype": "Verb Intransitive", "description": "To stay; to continue in a place; to have one's abode; to dwell; to sojourn; -- with with before a person, and commonly with at or in before a place."}, {"wordtype": "Verb Intransitive", "description": "To remain stable or fixed in some state or condition; to continue; to remain."}, {"wordtype": "Transitive Verb", "description": "To wait for; to be prepared for; to await; to watch for; as, I abide my time."}, {"wordtype": "Transitive Verb", "description": "To endure; to sustain; to submit to."}, {"wordtype": "Transitive Verb", "description": "To bear patiently; to tolerate; to put up with."}, {"wordtype": "Transitive Verb", "description": "To stand the consequences of; to answer for; to suffer for."}]}