{"definitions": [{"wordtype": "Past Participle", "description": "of Abide"}, {"wordtype": "Noun", "description": "Act of waiting; delay."}, {"wordtype": "Noun", "description": "Stay or continuance in a place; sojourn."}, {"wordtype": "Noun", "description": "Place of continuance, or where one dwells; abiding place; residence; a dwelling; a habitation."}, {"wordtype": "Transitive Verb", "description": "An omen."}, {"wordtype": "Transitive Verb", "description": "To bode; to foreshow."}, {"wordtype": "Verb Intransitive", "description": "To be ominous."}]}