{"definitions": [{"wordtype": "Verb", "description": "Produced by abortion; born prematurely; as, an abortive child."}, {"wordtype": "Verb", "description": "Made from the skin of a still-born animal; as, abortive vellum."}, {"wordtype": "Verb", "description": "Rendering fruitless or ineffectual."}, {"wordtype": "Verb", "description": "Coming to naught; failing in its effect; miscarrying; fruitless; unsuccessful; as, an abortive attempt."}, {"wordtype": "Verb", "description": "Imperfectly formed or developed; rudimentary; sterile; as, an abortive organ, stamen, ovule, etc."}, {"wordtype": "Verb", "description": "Causing abortion; as, abortive medicines."}, {"wordtype": "Verb", "description": "Cutting short; as, abortive treatment of typhoid fever."}, {"wordtype": "Noun", "description": "That which is born or brought forth prematurely; an abortion."}, {"wordtype": "Noun", "description": "A fruitless effort or issue."}, {"wordtype": "Noun", "description": "A medicine to which is attributed the property of causing abortion."}]}