{"definitions": [{"wordtype": "Adverb", "description": "On all sides; around."}, {"wordtype": "Adverb", "description": "In circuit; circularly; by a circuitous way; around the outside; as, a mile about, and a third of a mile across."}, {"wordtype": "Adverb", "description": "Here and there; around; in one place and another."}, {"wordtype": "Adverb", "description": "Nearly; approximately; with close correspondence, in quality, manner, degree, etc.; as, about as cold; about as high; -- also of quantity, number, time."}, {"wordtype": "Adverb", "description": "To a reserved position; half round; in the opposite direction; on the opposite tack; as, to face about; to turn one's self about."}]}