{"definitions": [{"wordtype": "Adverb", "description": "Side by side, with breasts in a line; as, \"Two men could hardly walk abreast.\""}, {"wordtype": "Adverb", "description": "Side by side; also, opposite; over against; on a line with the vessel's beam; -- with of."}, {"wordtype": "Adverb", "description": "Up to a certain level or line; equally advanced; as, to keep abreast of [or with] the present state of science."}, {"wordtype": "Adverb", "description": "At the same time; simultaneously."}]}