{"definitions": [{"wordtype": "Adverb", "description": "At large; widely; broadly; over a wide space; as, a tree spreads its branches abroad."}, {"wordtype": "Adverb", "description": "Without a certain confine; outside the house; away from one's abode; as, to walk abroad."}, {"wordtype": "Adverb", "description": "Beyond the bounds of a country; in foreign countries; as, we have broils at home and enemies abroad."}, {"wordtype": "Adverb", "description": "Before the public at large; throughout society or the world; here and there; widely."}]}