{"definitions": [{"wordtype": "Adjective", "description": "Broken off; very steep, or craggy, as rocks, precipices, banks; precipitous; steep; as, abrupt places."}, {"wordtype": "Adjective", "description": "Without notice to prepare the mind for the event; sudden; hasty; unceremonious."}, {"wordtype": "Adjective", "description": "Having sudden transitions from one subject to another; unconnected."}, {"wordtype": "Adjective", "description": "Suddenly terminating, as if cut off."}, {"wordtype": "Noun", "description": "An abrupt place."}, {"wordtype": "Transitive Verb", "description": "To tear off or asunder."}]}