{"definitions": [{"wordtype": "Adjective", "description": "Being away from a place; withdrawn from a place; not present."}, {"wordtype": "Adjective", "description": "Not existing; lacking; as, the part was rudimental or absent."}, {"wordtype": "Adjective", "description": "Inattentive to what is passing; absent-minded; preoccupied; as, an absent air."}, {"wordtype": "Transitive Verb", "description": "To take or withdraw (one's self) to such a distance as to prevent intercourse; -- used with the reflexive pronoun."}, {"wordtype": "Transitive Verb", "description": "To withhold from being present."}]}