{"definitions": [{"wordtype": "Adjective", "description": "Loosed from any limitation or condition; uncontrolled; unrestricted; unconditional; as, absolute authority, monarchy, sovereignty, an absolute promise or command; absolute power; an absolute monarch."}, {"wordtype": "Adjective", "description": "Complete in itself; perfect; consummate; faultless; as, absolute perfection; absolute beauty."}, {"wordtype": "Adjective", "description": "Viewed apart from modifying influences or without comparison with other objects; actual; real; -- opposed to relative and comparative; as, absolute motion; absolute time or space."}, {"wordtype": "Adjective", "description": "Loosed from, or unconnected by, dependence on any other being; self-existent; self-sufficing."}, {"wordtype": "Adjective", "description": "Capable of being thought or conceived by itself alone; unconditioned; non-relative."}, {"wordtype": "Adjective", "description": "Positive; clear; certain; not doubtful."}, {"wordtype": "Adjective", "description": "Authoritative; peremptory."}, {"wordtype": "Adjective", "description": "Pure; unmixed; as, absolute alcohol."}, {"wordtype": "Adjective", "description": "Not immediately dependent on the other parts of the sentence in government; as, the case absolute. See Ablative absolute, under Ablative."}, {"wordtype": "Noun", "description": "In a plane, the two imaginary circular points at infinity; in space of three dimensions, the imaginary circle at infinity."}]}