{"definitions": [{"wordtype": "Transitive Verb", "description": "To swallow up; to engulf; to overwhelm; to cause to disappear as if by swallowing up; to use up; to include."}, {"wordtype": "Transitive Verb", "description": "To suck up; to drink in; to imbibe; as a sponge or as the lacteals of the body."}, {"wordtype": "Transitive Verb", "description": "To engross or engage wholly; to occupy fully; as, absorbed in study or the pursuit of wealth."}, {"wordtype": "Transitive Verb", "description": "To take up by cohesive, chemical, or any molecular action, as when charcoal absorbs gases. So heat, light, and electricity are absorbed or taken up in the substances into which they pass."}]}