{"definitions": [{"wordtype": "Noun", "description": "An absolving, or setting free from guilt, sin, or penalty; forgiveness of an offense."}, {"wordtype": "Noun", "description": "An acquittal, or sentence of a judge declaring and accused person innocent."}, {"wordtype": "Noun", "description": "The exercise of priestly jurisdiction in the sacrament of penance, by which Catholics believe the sins of the truly penitent are forgiven."}, {"wordtype": "Noun", "description": "An absolving from ecclesiastical penalties, -- for example, excommunication."}, {"wordtype": "Noun", "description": "The form of words by which a penitent is absolved."}, {"wordtype": "Noun", "description": "Delivery, in speech."}]}