{"definitions": [{"wordtype": "Adjective", "description": "The act of abstracting, separating, or withdrawing, or the state of being withdrawn; withdrawal."}, {"wordtype": "Adjective", "description": "The act process of leaving out of consideration one or more properties of a complex object so as to attend to others; analysis. Thus, when the mind considers the form of a tree by itself, or the color of the leaves as separate from their size or figure, the act is called abstraction. So, also, when it considers whiteness, softness, virtue, existence, as separate from any particular objects."}, {"wordtype": "Adjective", "description": "An idea or notion of an abstract, or theoretical nature; as, to fight for mere abstractions."}, {"wordtype": "Adjective", "description": "A separation from worldly objects; a recluse life; as, a hermit's abstraction."}, {"wordtype": "Adjective", "description": "Absence or absorption of mind; inattention to present objects."}, {"wordtype": "Adjective", "description": "The taking surreptitiously for one's own use part of the property of another; purloining."}, {"wordtype": "Adjective", "description": "A separation of volatile parts by the act of distillation."}]}