{"definitions": [{"wordtype": "Adjective", "description": "Abstaining from wine."}, {"wordtype": "Adjective", "description": "Sparing in diet; refraining from a free use of food and strong drinks; temperate; abstinent; sparing in the indulgence of the appetite or passions."}, {"wordtype": "Adjective", "description": "Sparingly used; used with temperance or moderation; as, an abstemious diet."}, {"wordtype": "Adjective", "description": "Marked by, or spent in, abstinence; as, an abstemious life."}, {"wordtype": "Adjective", "description": "Promotive of abstemiousness."}]}