{"definitions": [{"wordtype": "Transitive Verb", "description": "To put to a wrong use; to misapply; to misuse; to put to a bad use; to use for a wrong purpose or end; to pervert; as, to abuse inherited gold; to make an excessive use of; as, to abuse one's authority."}, {"wordtype": "Transitive Verb", "description": "To use ill; to maltreat; to act injuriously to; to punish or to tax excessively; to hurt; as, to abuse prisoners, to abuse one's powers, one's patience."}, {"wordtype": "Transitive Verb", "description": "To revile; to reproach coarsely; to disparage."}, {"wordtype": "Transitive Verb", "description": "To dishonor."}, {"wordtype": "Transitive Verb", "description": "To violate; to ravish."}, {"wordtype": "Transitive Verb", "description": "To deceive; to impose on."}, {"wordtype": "Transitive Verb", "description": "Improper treatment or use; application to a wrong or bad purpose; misuse; as, an abuse of our natural powers; an abuse of civil rights, or of privileges or advantages; an abuse of language."}, {"wordtype": "Transitive Verb", "description": "Physical ill treatment; injury."}, {"wordtype": "Transitive Verb", "description": "A corrupt practice or custom; offense; crime; fault; as, the abuses in the civil service."}, {"wordtype": "Transitive Verb", "description": "Vituperative words; coarse, insulting speech; abusive language; virulent condemnation; reviling."}, {"wordtype": "Transitive Verb", "description": "Violation; rape; as, abuse of a female child."}]}