{"definitions": [{"wordtype": "Adjective", "description": "Wrongly used; perverted; misapplied."}, {"wordtype": "Adjective", "description": "Given to misusing; also, full of abuses."}, {"wordtype": "Adjective", "description": "Practicing abuse; prone to ill treat by coarse, insulting words or by other ill usage; as, an abusive author; an abusive fellow."}, {"wordtype": "Adjective", "description": "Containing abuse, or serving as the instrument of abuse; vituperative; reproachful; scurrilous."}, {"wordtype": "Adjective", "description": "Tending to deceive; fraudulent; cheating."}]}